feature,logistic_coefficient,forest_importance,absolute_coefficient
skill: Statistical Modeling,1.1091905543759173,0.02419106599227729,1.1091905543759173
role: Business Analyst,-0.8601493810535669,0.05678899406657835,0.8601493810535669
state: California,0.745375772591769,0.1046026094789714,0.745375772591769
skill: Power BI,-0.6653964700779135,0.01978140591957198,0.6653964700779135
skill: PostgreSQL,-0.632116713250571,0.014308385212874086,0.632116713250571
role: Data Scientist,0.5463384526559771,0.06480948623821468,0.5463384526559771
state: Maryland,-0.4491491414846583,0.009304299526092205,0.4491491414846583
state: Other state,-0.4337723954565144,0.052921227137951804,0.4337723954565144
skill: Business Intelligence,-0.4318628319907912,0.0037999420943831217,0.4318628319907912
role: Business Intelligence,0.4164181072035302,0.0044794219688880105,0.4164181072035302
skill: Data Infrastructure,0.4114736924188785,0.006538892432510606,0.4114736924188785
skill: Machine Learning,-0.40676082043397216,0.01843447598591786,0.40676082043397216
role: Data Analyst,-0.3914887514203811,0.04046416278673261,0.3914887514203811
skill: Python (Programming Language),0.3909806597919177,0.03237140736060611,0.3909806597919177
skill: Salesforce,0.37541155440186896,0.005852945190989594,0.37541155440186896
skill: Business Requirements,0.3233809435660891,0.005536598880877041,0.3233809435660891
skill: Causal Inference,0.31665935026331826,0.006731037833727949,0.31665935026331826
skill: SQL (Programming Language),0.30905632278886147,0.020271048161826906,0.30905632278886147
skill: Business Analysis,0.2827101813525369,0.01499753624241559,0.2827101813525369
education: High school diploma or equivalent,0.2684427920035652,0.015582835178574622,0.2684427920035652
education: Bachelor's degree,-0.26699395766101525,0.049345597368652024,0.26699395766101525
skill: Software Engineering,-0.26696457981246535,0.009998876206818318,0.26696457981246535
skill: Java (Programming Language),-0.2534078327934923,0.012367542499528268,0.2534078327934923
skill: Analytical Skills,-0.23461308040134637,0.0030277293333196304,0.23461308040134637
state: Texas,0.22762451001455422,0.007796745849307143,0.22762451001455422
skill: Github,-0.22721998166927734,0.008750770023686771,0.22721998166927734
role: Data Engineer,0.21870336100203552,0.021998886824470914,0.21870336100203552
skill: Software Development,0.20183100911736693,0.013276512676077453,0.20183100911736693
state: Unspecified,-0.1494735194827879,0.014797488575900833,0.1494735194827879
skill: Data Analysis,-0.1456297990906486,0.009208026047818755,0.1456297990906486
education: Not specified,0.14478633379255865,0.009539500495367776,0.14478633379255865
skill: Data Science,-0.136308088016476,0.04730089162160881,0.136308088016476
skill: Verbal Communication Skills,-0.13548729157689848,0.005571750762566657,0.13548729157689848
state: Virginia,-0.125525783897037,0.00969755730116786,0.125525783897037
skill: Product Engineering,-0.1101984006234432,0.006575144190139586,0.1101984006234432
remote: On-site,0.10916760341595774,0.0029543054497774054,0.10916760341595774
skill: Data Quality,0.10385596980954874,0.01538048444277017,0.10385596980954874
skill: Data Management,-0.09634085668795137,0.0033721777680142703,0.09634085668795137
education: Doctoral or professional degree,0.08459530977910713,0.012511476917664693,0.08459530977910713
state: New York,0.08008522264287897,0.005517319067157246,0.08008522264287897
education: Master's degree,-0.07551692874005005,0.011029410699500754,0.07551692874005005
skill: Microsoft Excel,-0.07540115421195086,0.024191565604124644,0.07540115421195086
remote: Hybrid,-0.07127715097476357,0.01662025364794099,0.07127715097476357
skill: Databricks,0.07097259624007912,0.01214120456890395,0.07097259624007912
education: Associate's degree,-0.06058789883370277,0.0014888731074937723,0.06058789883370277
skill: Data Modeling,0.05106189462713511,0.005016649722507895,0.05106189462713511
skill: Tableau (Business Intelligence Software),-0.048468476946491375,0.010865024178871977,0.048468476946491375
skill: Data Pipelines,0.04649601304913624,0.02330270749360463,0.04649601304913624
skill: Data Engineering,0.04613674115060587,0.014145305253589242,0.04613674115060587
state: Illinois,-0.024628308587453237,0.004223282124128139,0.024628308587453237
skill: A/B Testing,0.02364235535106221,0.0035394437924385308,0.02364235535106221
remote: Unknown,0.017132218662344694,0.028665833682714574,0.017132218662344694
remote: Remote,-0.010275627056966379,0.023403374744060294,0.010275627056966379
skill: Computer Science,0.009984031298638344,0.022942391848288064,0.009984031298638344
skill: Kubernetes,0.008703098392442848,0.007668118420036232,0.008703098392442848
